Mutation type	Sig1	Sig2	Sig3	Sig4	Sig5	Sig6	Sig7	Sig8	Sig9
C>A	115.48285	2271.0864	3221.1812	1009.5935	2628.7234	1651.5011	4345.63	3453.42	1996.382
C>A	83.5979	2719.064	3804.5894	1229.6588	3157.4688	2033.8232	5171.004	4242.5127	2402.0127
C>A	25.859482	344.64465	493.83362	154.15144	406.73917	242.70996	645.447	520.8743	301.67584
C>A	301.70996	12926.753	17840.637	6250.503	15143.09	9968.719	24128.314	20599.31	11692.047
C>A	163.6062	4338.85	6059.1343	2028.1462	5093.3086	3217.1277	8187.1787	6770.0356	3861.9958
C>A	142.91791	2794.1833	3886.7874	1270.9877	3246.0083	1972.7113	5158.179	4276.8647	2448.9253
C>A	36.149033	603.23254	849.61316	277.08835	706.9227	422.61932	1118.4457	926.25024	533.02295
C>A	651.05273	21482.613	29770.23	10237.814	25163.764	16360.262	39534.594	34467.19	19478.625
C>A	90.42023	2079.5247	2916.131	937.9968	2419.8535	1524.3767	3945.5222	3195.035	1847.0879
C>A	86.11969	2446.4927	3428.9355	1110.3137	2860.6187	1828.1221	4558.998	3828.6743	2185.2534
C>A	23.830994	281.31537	402.6278	119.54327	328.26575	192.0958	520.8759	417.7001	245.12288
C>A	324.82373	11360.673	15825.342	5323.266	13437.531	8775.357	21111.031	18359.29	10354.516
C>A	582.7822	30501.23	42348.895	14358.908	36208.68	23664.264	58237.87	48275.117	27567.953
C>A	161.63086	6978.158	9686.205	3283.253	8197.854	5309.418	13154.16	10980.428	6285.1733
C>A	26.3526	1024.4438	1420.9413	480.77478	1202.2847	785.46204	1933.0245	1597.024	923.22473
C>A	4172.215	231096.34	320136.6	109049.516	274508.2	178813.83	442026.6	367287.03	208737.75
C>G	39.61673	1063.6294	1476.1984	504.30264	1192.6395	780.2223	2013.714	1627.6543	928.80786
C>G	18.16182	477.77216	668.81177	224.32399	533.8213	353.1145	919.0363	738.95087	422.39923
C>G	6.7918816	96.69242	135.79768	43.74476	106.81555	67.848755	187.97038	152.93442	84.628525
C>G	31.75972	800.0632	1114.4076	380.64868	890.89233	586.3553	1541.2404	1232.5842	704.03235
C>G	25.523811	292.20825	421.9292	132.6495	329.83978	202.5061	563.8381	442.5005	254.90826
C>G	21.305893	259.4527	371.57092	115.36748	292.71143	181.27673	506.78003	396.4062	227.45485
C>G	8.136316	106.175064	151.40009	49.910194	119.271484	71.17354	205.69633	161.22588	95.58042
C>G	28.171585	409.14725	594.29266	186.47513	460.18094	295.98862	804.16223	638.85315	364.83667
C>G	21.31578	524.8751	732.3933	247.99458	595.7084	381.48712	987.7897	803.93005	462.40793
C>G	19.5598	507.4617	711.9177	236.05002	569.3637	359.39484	966.40027	767.7566	445.12106
C>G	6.583069	70.02077	99.78875	31.746517	79.45144	45.521683	131.17697	104.662056	60.80567
C>G	20.716125	593.8721	829.64343	285.17462	674.6124	441.47577	1140.6405	919.5215	529.38745
C>G	167.99908	897.9169	1331.2772	573.82184	1043.8873	799.9945	1622.0184	1465.3961	922.16187
C>G	49.817642	525.6809	771.662	268.1573	591.5155	406.44257	1012.83276	830.2494	494.1932
C>G	10.384123	89.64823	132.01276	46.237843	104.04508	68.500244	170.33401	140.88885	86.42023
C>G	206.46057	1487.4215	2177.5361	868.31885	1684.4224	1253.4744	2737.7366	2400.7612	1457.5481
C>T	250.1112	5769.802	8064.402	2712.7395	6672.144	4294.5166	10744.969	9277.291	5115.787
C>T	234.53809	6555.001	9408.17	3295.8018	7823.5093	5028.444	13077.655	10600.936	6002.088
C>T	374.68774	10560.629	14668.809	4700.8096	12298.094	7930.232	20056.21	17271.121	9244.908
C>T	219.90283	8080.4463	11347.859	3936.3726	9525.686	6246.8906	15624.401	12924.586	7314.58
C>T	502.97388	6181.0986	9356.032	3460.437	7545.302	4654.276	13148.874	10253.472	5912.8394
C>T	624.63306	8345.76	12567.561	4686.021	10244.52	6271.3184	17685.307	13836.377	7944.872
C>T	201.00476	6106.941	8444.289	2812.7207	7029.769	4434.7607	11722.197	9828.135	5326.6577
C>T	547.8384	8992.056	13403.557	4789.624	10891.868	6882.7876	18645.719	14759.032	8464.293
C>T	356.22485	7631.38	10807.492	3517.1538	8983.383	5827.251	14235.031	12516.008	6871.3315
C>T	445.75293	15927.876	22490.117	7439.213	18894.766	12077.144	30669.582	25667.86	14355.957
C>T	600.93506	18360.104	25910.398	8125.211	21849.066	13916.805	35600.242	30098.793	16307.0
C>T	386.33838	17411.33	24475.219	8084.884	20657.988	13272.744	33643.684	27858.316	15667.134
C>T	1457.1528	18199.057	28252.205	10156.152	22394.816	14346.295	39025.066	30132.543	17898.312
C>T	2371.9219	32505.012	49156.47	17902.969	39923.25	24850.812	69853.97	53268.727	31139.127
C>T	1027.2832	48546.676	67867.57	22041.885	57458.477	36492.676	95460.27	76427.18	43067.84
C>T	1014.41797	36384.54	52077.023	17901.031	43567.953	27964.203	72883.53	58412.484	33382.977
T>A	60.106842	1828.9097	2551.6626	848.8296	2010.4905	1282.3822	3448.7556	2813.7473	1631.3994
T>A	56.593445	1155.481	1561.1464	544.93506	1204.7437	757.0201	2007.4857	1634.9371	1059.1418
T>A	34.101166	626.1521	871.4221	271.25345	673.02466	436.299	1184.1605	961.8596	526.2376
T>A	144.87244	6469.3794	8994.159	3171.4163	7423.559	4805.5024	12285.498	10219.432	5830.2104
T>A	41.918137	724.4284	1006.99817	310.72375	772.6235	477.78406	1320.728	1094.08	596.2296
T>A	48.517548	1291.2433	1787.3623	601.9075	1431.6575	927.54297	2387.704	2028.5032	1151.0024
T>A	68.50348	997.3075	1387.4968	428.76953	1092.9026	670.79565	1787.5337	1468.7303	823.3058
T>A	83.825806	2361.725	3279.6252	1123.6693	2670.4226	1735.4883	4427.79	3832.8938	2134.4998
T>A	27.186653	499.9959	696.68384	217.1862	527.5969	325.06018	894.64056	731.6623	422.94476
T>A	38.273956	826.1477	1114.4023	387.3473	868.8459	560.3158	1393.6699	1192.7502	764.81665
T>A	31.20639	439.39276	616.13947	192.45645	467.9662	287.1136	776.7536	628.3241	372.1888
T>A	33.00003	1152.4569	1598.6165	550.5766	1296.806	843.71857	2150.3188	1817.0839	1041.9984
T>A	58.694824	2218.826	3068.0237	1030.1775	2479.3943	1570.3032	4233.0986	3457.1091	1945.929
T>A	34.83194	1297.9689	1801.1062	618.0695	1452.5078	957.2833	2426.6948	2022.3164	1174.0862
T>A	31.901428	1013.77893	1406.9702	471.0092	1130.8074	731.52966	1889.4265	1575.1785	880.53357
T>A	172.73132	6984.9756	9799.432	3488.0737	8084.6714	5326.5083	13382.542	11130.679	6397.481
T>C	230.42651	11097.76	15240.468	5246.204	12651.362	8240.943	20794.025	17331.73	9870.682
T>C	117.273315	5903.6963	8090.1494	2850.1675	6810.162	4472.1826	11101.051	9322.575	5306.9424
T>C	147.55627	6265.267	8593.2	3042.7192	7127.456	4646.956	11650.021	9874.206	5606.1733
T>C	205.69897	10060.8	13677.071	4921.1094	11492.133	7596.6133	18788.283	15751.277	9025.326
T>C	85.122925	3002.7998	4136.5415	1456.1116	3327.5637	2117.9546	5485.586	4650.328	2696.5679
T>C	104.7641	3672.6719	5085.0474	1783.8813	4190.449	2726.6892	6875.0913	5972.9355	3353.871
T>C	117.55859	3827.2861	5284.2925	1861.7709	4288.0303	2705.6414	6988.453	6102.5596	3429.232
T>C	227.8457	6417.668	8844.917	3155.3452	7274.212	4624.414	11895.672	10543.135	5904.178
T>C	264.23047	12982.993	17897.543	5983.3657	14869.965	9494.631	24279.621	20311.062	11520.023
T>C	195.67041	10463.947	14460.931	4840.684	12231.534	7867.5146	19909.098	16572.85	9362.581
T>C	150.42883	6734.131	9276.525	3191.963	7641.3887	4931.175	12415.003	10621.724	6024.74
T>C	321.2036	17264.342	23703.836	8342.931	19935.297	12901.917	32492.25	27153.104	15491.99
T>C	203.37671	10366.406	14263.005	5020.1206	11878.362	7709.5137	19388.855	16212.36	9324.145
T>C	175.87769	8877.69	12186.351	4326.882	10213.024	6691.624	16688.76	13966.865	8006.593
T>C	127.932495	6272.4873	8624.265	3102.1528	7216.8936	4712.702	11703.519	9891.485	5663.2314
T>C	331.08105	16077.304	21977.092	7962.148	18444.98	12123.455	29998.428	25225.055	14476.514
T>G	70.12256	3881.8813	5347.961	1880.0624	4541.3467	3017.6304	7334.684	6163.298	3509.9287
T>G	73.580444	3839.2292	5269.9004	1883.4785	4476.5938	2963.5352	7216.9873	6103.8066	3472.6565
T>G	44.05182	2216.998	3036.5806	1095.7285	2574.674	1709.2593	4195.328	3522.326	1997.0276
T>G	592.09863	30132.7	41295.133	14810.828	35263.29	23331.14	56635.82	47933.312	27308.668
T>G	71.33472	3839.6875	5261.8813	1865.1128	4477.808	2972.5732	7238.972	6059.608	3455.2598
T>G	53.56909	2232.4404	3068.2322	1100.9021	2575.586	1667.3643	4191.6543	3603.4258	2029.0125
T>G	68.78241	3336.518	4574.521	1642.8319	3863.3062	2542.2207	6295.8936	5280.2476	3003.3472
T>G	652.1294	24386.89	33498.562	11966.473	28426.484	18355.44	45630.234	39645.37	22365.576
T>G	20.15976	1153.5255	1587.5255	546.0827	1346.6567	881.2532	2188.8887	1819.028	1032.6603
T>G	36.157104	1993.1578	2746.8499	953.1883	2334.5474	1526.9011	3772.8364	3185.6838	1802.5851
T>G	27.90329	1274.0586	1766.4094	629.24927	1492.2998	970.0157	2466.5996	2037.47	1150.834
T>G	161.00635	6640.6104	9174.494	3235.65	7738.3677	4977.452	12562.57	10750.624	6092.888
T>G	210.3291	11771.901	16238.648	5590.325	13847.161	9213.578	22260.623	18577.414	10598.675
T>G	127.228516	7132.135	9810.21	3413.7334	8326.856	5503.878	13504.515	11283.145	6406.076
T>G	57.597046	3068.3398	4221.297	1479.6406	3566.4365	2364.8386	5815.611	4846.393	2757.538
T>G	2074.9766	115230.05	158677.44	55017.53	135588.36	89562.305	218386.64	182653.4	103814.22
