Mutation type	Sig1	Sig2	Sig3	Sig4	Sig5
C>A	89.48657	3043.0586	1622.6516	3590.7124	2510.9175
C>A	62.937134	2986.1724	1693.6581	3357.1763	2563.3604
C>A	9.143356	333.14093	182.32346	389.84357	278.39877
C>A	242.48633	8991.04	5348.7773	9522.961	7996.1973
C>A	137.16235	5924.869	3287.8726	6795.559	5000.3174
C>A	95.69531	5340.292	2971.4768	5914.8213	4595.153
C>A	20.928558	1137.505	620.7814	1287.2606	962.1699
C>A	793.8916	31049.523	18302.09	32723.91	27601.89
C>A	65.484985	2683.9312	1484.3209	3091.5376	2251.5398
C>A	80.05713	3585.1357	2097.4326	3879.8848	3152.7627
C>A	9.236206	475.6206	268.41455	532.61597	409.41803
C>A	404.13086	14951.56	8960.66	15583.512	13378.734
C>A	175.38525	5228.7393	2848.6118	6029.9883	4384.3696
C>A	107.55908	5205.255	2900.9016	5872.292	4425.529
C>A	12.379639	435.64075	234.88245	508.46466	361.81732
C>A	874.27246	29307.666	17085.383	31404.041	25811.246
C>G	37.78961	1520.3013	805.9199	1774.0355	1252.5375
C>G	25.761261	900.83154	486.86505	1061.6079	746.55115
C>G	9.240463	295.9723	155.82362	356.44092	240.14713
C>G	41.856323	1622.4319	851.24475	1918.7249	1333.3566
C>G	25.263763	693.76636	370.95044	839.63684	569.8905
C>G	24.80362	725.2147	384.31265	876.5316	594.0855
C>G	10.895386	366.92853	188.05975	437.9947	294.59094
C>G	39.2175	1181.7104	623.6182	1426.3682	968.29974
C>G	14.726746	702.7439	384.74597	802.9385	590.4558
C>G	21.381897	982.4059	531.19354	1137.6799	822.3727
C>G	5.2545853	191.13206	98.73009	226.2521	155.70908
C>G	22.435669	1004.4506	533.07745	1171.9192	832.3096
C>G	94.14838	1867.7983	994.6278	2268.4373	1533.1011
C>G	54.03772	1502.4417	792.66846	1822.057	1230.1975
C>G	8.764275	267.7505	139.72845	320.81506	217.4737
C>G	140.3341	3754.6233	1965.2694	4530.0254	3074.3445
C>T	317.1577	16377.329	9269.725	17421.875	14182.93
C>T	452.98438	21461.305	11397.167	24606.602	17701.562
C>T	449.85742	24950.145	14148.128	26451.713	21564.09
C>T	296.9038	15372.498	8432.107	17148.613	12969.596
C>T	1329.334	41896.324	20446.518	50828.906	32826.63
C>T	1609.3828	54343.88	26799.896	65319.023	42826.906
C>T	295.43066	18749.973	10095.777	20949.29	15686.716
C>T	1444.3027	48216.86	23741.041	58052.773	38082.273
C>T	462.24023	21944.852	12639.057	22876.312	19204.805
C>T	579.5488	32959.035	18326.586	35755.35	28163.715
C>T	687.8633	36022.207	20386.26	37622.914	31160.928
C>T	482.8164	27028.422	14783.505	29816.71	22872.152
C>T	3921.1797	118496.2	57233.586	144578.66	92644.99
C>T	6389.1094	195881.67	94981.69	238808.03	152839.4
C>T	1368.1172	47242.82	23494.355	56826.87	37429.3
C>T	2466.92	79623.81	38994.34	96316.44	62693.945
T>A	121.09863	4971.7314	2562.1262	5857.9355	4097.766
T>A	98.992065	3637.0847	2068.1113	4183.5	3164.719
T>A	53.085938	1835.3999	956.0496	2189.556	1501.7034
T>A	246.64404	12432.081	6378.8374	14413.988	10184.152
T>A	34.856995	1298.893	676.89526	1546.6075	1069.231
T>A	52.425415	2826.2734	1534.6918	3244.9507	2376.706
T>A	37.338074	1425.9736	755.00464	1692.248	1181.2234
T>A	89.47485	4011.45	2065.9707	4731.449	3257.2568
T>A	33.479065	1350.116	712.83203	1587.9851	1132.2832
T>A	58.156494	2499.003	1464.4397	2805.844	2215.9202
T>A	32.039948	1282.9531	679.1146	1504.037	1072.9377
T>A	51.803467	2557.024	1355.0303	2969.0754	2130.1956
T>A	105.243164	4305.078	2250.0095	5080.489	3528.2651
T>A	62.701416	2635.6816	1396.97	3096.705	2186.536
T>A	34.22174	1349.7483	686.6896	1607.0583	1096.449
T>A	346.33838	12544.012	6072.324	14934.869	10019.137
T>C	147.42725	9095.246	4852.155	10249.508	7721.1514
T>C	65.68494	4073.5752	2233.1125	4528.7773	3491.9868
T>C	103.77124	7128.7383	3721.233	7949.699	6023.3335
T>C	130.49878	6303.8564	3370.019	7295.699	5288.0684
T>C	94.0083	5491.9604	2876.624	6277.1045	4623.4653
T>C	73.828125	5213.7725	2811.4653	5879.699	4379.9434
T>C	90.811035	6946.9253	3563.7686	7778.7393	5819.001
T>C	223.8418	11020.033	5612.2993	12951.469	8929.593
T>C	186.4336	11541.057	6375.6045	12640.833	10042.318
T>C	110.80127	6621.0815	3765.425	7174.916	5773.382
T>C	129.79297	8237.532	4496.6533	9023.309	7126.165
T>C	306.1001	14844.588	7873.317	17157.973	12366.126
T>C	207.68213	11082.225	5867.078	12749.404	9260.471
T>C	119.55371	7240.6914	3943.542	8177.4375	6139.2114
T>C	90.920654	5769.298	3046.8623	6527.5923	4830.3916
T>C	201.16211	10610.229	5478.4414	12278.539	8802.41
T>G	40.678467	1629.6953	828.82086	1931.2357	1321.5896
T>G	28.312195	1500.7715	814.2691	1694.5468	1263.7751
T>G	42.45996	1555.9678	800.4138	1842.2001	1258.7501
T>G	95.29443	5524.9385	3072.0027	6169.093	4664.5615
T>G	18.088379	816.34985	430.4993	956.68005	669.3498
T>G	31.037231	1985.9105	1033.0287	2276.5068	1628.7523
T>G	39.226135	2108.1775	1075.0824	2447.0613	1718.0349
T>G	254.1123	10718.01	5672.5195	12378.116	8607.223
T>G	13.394913	580.1184	305.05872	681.6105	479.9623
T>G	19.687561	1124.4897	626.24396	1251.3558	959.09094
T>G	55.460693	1900.9315	982.7841	2256.0767	1532.7507
T>G	101.47485	5533.1626	2946.9878	6371.2695	4545.29
T>G	57.736023	2192.3203	1135.8801	2583.2712	1786.0679
T>G	40.772034	1910.3757	993.5235	2221.8467	1565.5847
T>G	42.026306	1755.55	890.9258	2077.6057	1420.6588
T>G	279.01562	11375.062	6074.753	13004.229	9396.689
