Type,SBS4,SBS41,SBS92,SBS26,SBS24
A[C>A]A,0.0421964976906917,0.0021101932937057,0.0113293395468264,0.0008731179582361,0.0364134001312483
A[C>A]C,0.0332972363293847,0.0012201117622374,0.0097447296102108,0.0005280713424383,0.0265097555900571
A[C>A]G,0.0155987053074595,6.14056247552276e-05,0.0046965698121372,0.000114015403481,0.014805448405013
A[C>A]T,0.0294975517032086,0.0013301218391604,0.0077579796896808,0.0006190836381995,0.0220080989804248
A[C>G]A,0.0068894281774612,0.0053304882727257,0.0030558598777656,0.0004270576954946,0.0033412295724826
A[C>G]C,0.0028397642995631,0.0031602894825166,0.0016898599324056,0.0003780510747001,0.003671351057189
A[C>G]G,0.0012798937688171,0.0012101108461535,0.000907299963708,6.83092285767807e-05,0.0009203386846359
A[C>G]T,0.0035497053744539,0.0082707576013962,0.0041159098353636,0.0007280983660892,0.0028510491861004
A[C>T]A,0.0086992779599293,0.0098809050909063,0.0237663690493452,0.0026603594145569,0.0118043439985915
A[C>T]C,0.0041796530887936,0.0033603078041948,0.0140975394360984,0.0025403432003663,0.0112041231173072
A[C>T]G,0.0007829350163936,0.0034303142167822,0.0097857796085688,0.0053307201802963,0.0005141892216335
A[C>T]T,0.0042496472792758,0.0063505817132849,0.0164520693419172,0.0027903769799299,0.0091533684395857
A[T>A]A,0.0094192182048889,0.0074606833985993,0.0100720295971188,0.0015202053797468,0.0015805816540486
A[T>A]C,0.0035297070343161,0.0043003939160827,0.003588149856474,0.0035204756162557,0.0022508283048161
A[T>A]G,0.0123989708854165,0.0030302775734257,0.0070117297195308,0.000625084448909,0.0020007362709477
A[T>A]T,0.0042096505990002,0.0696063759440365,0.0091812396327504,0.0030704148130412,0.0018006626438529
A[T>C]A,0.007949340204763,0.0144013191608351,0.0891880464324782,0.0848114580279796,0.0064023560670326
A[T>C]C,0.0007149406599252,0.0057905304125857,0.0046373598145056,0.0261035265864418,0.002180802535333
A[T>C]G,0.0049995850344421,0.0080407365314662,0.0401119883955205,0.0785106067829764,0.0017606479184339
A[T>C]T,0.0015598705307459,0.0177016214685265,0.0295669388173225,0.0372050263990665,0.0024408982505562
A[T>G]A,0.0010499128572328,0.0075306898111867,0.0020696599172136,0.002920394545303,0.003211181714871
A[T>G]C,0.0001589868040952,0.0016401502377617,0.0003589699856412,0.0025303418491838,0.0014005153896634
A[T>G]G,0.0014198821497815,0.0027002473426565,0.0012383699504652,0.0022903094208027,0.0020607583590761
A[T>G]T,0.0002159820734879,0.007610697139858,0.003541199858352,0.005930801251249,0.0047117339180818
C[C>A]A,0.0806933024558961,0.0023802180279713,0.018550349257986,0.0014101905167388,0.0254093506410359
C[C>A]C,0.0796933854490077,0.0009190841881116,0.0139555194417792,0.0015102040285642,0.0349128479280375
C[C>A]G,0.0244979666687665,0.0002610239097901,0.0052820297887188,0.0003620489128081,0.0160058901675817
C[C>A]T,0.0689942734753015,0.002650242762237,0.012543099498276,0.0071409647443369,0.0171062951166029
C[C>G]A,0.0078293501639363,0.0020801905454539,0.0024095899036164,0.0003640491830446,0.0026109608335867
C[C>G]C,0.0068694298373235,0.0012001099300695,0.0039622198415112,0.0003220435080779,0.0052219216671735
C[C>G]G,0.0033997178234206,0.0004110376510488,0.0016010099359596,4.17056344312117e-05,0.0009453478880227
C[C>G]T,0.006819433986979,0.0050304607902083,0.00536599978536,0.000625084448909,0.0047117339180818
C[C>T]A,0.012698945987483,0.006910633013984,0.0366073485357061,0.00169022834985,0.0053819805688493
C[C>T]C,0.0114990455792169,0.0018501694755239,0.0347613086095477,0.0028303823846601,0.0088532579989436
C[C>T]G,0.0033097252928007,0.0101009252447524,0.0108239595670416,0.0033404512949699,0.0063523376602589
C[C>T]T,0.0159986721102149,0.0077307081328649,0.0453234781870609,0.0016502229451198,0.0042915793011828
C[T>A]A,0.0143988048991934,0.0036203316223766,0.0070459197181632,0.0009441275516322,0.0013204859388254
C[T>A]C,0.0121989874840388,0.0031902922307683,0.0039318898427244,0.0014501959214689,0.0018706884133361
C[T>A]G,0.0324973027238739,0.0031202858181809,0.0102447595902096,0.0011401540348101,0.0050318517214334
C[T>A]T,0.0117990206812834,0.0090108253916058,0.0064486797420528,0.0006420867459193,0.0048017670502745
C[T>C]A,0.005179570095682,0.0103009435664307,0.0307645887694164,0.0520070261492328,0.0022708356675256
C[T>C]C,0.0023598041362566,0.0052504809440544,0.0040107798395688,0.0312042156895397,0.0022408246234614
C[T>C]G,0.0054995435378863,0.0055705102587397,0.0141228094350876,0.0787106338066273,0.0042215535316996
C[T>C]T,0.0025597875376343,0.0078707209580397,0.013670349453186,0.0555074990631234,0.00363133633177
C[T>G]A,0.0008699277959929,0.0034703178811179,0.000928399962864,0.0014201918679213,0.0014305264337276
C[T>G]C,0.0004409634000377,0.0024102207762231,0.0004187799832488,0.0049406674841771,0.0008803239592169
C[T>G]G,0.0037896854561071,0.0030402784895096,0.0020905199163792,0.0055607512574948,0.0030411191318405
C[T>G]T,0.0011999004082661,0.0105009618881089,0.0005451899781924,0.0078010539223849,0.0047117339180818
G[C>A]A,0.0315973774176743,0.0030902830699292,0.0089393096424276,0.0004960670186542,0.0622228980264737
G[C>A]C,0.0347971118397173,0.0007230662328669,0.0078249196870032,0.0006660899887574,0.128047121340653
G[C>A]G,0.0152987302053929,0.000220020153846,0.0044557398217704,0.0001290174302548,0.065924260127727
G[C>A]T,0.0211982405460347,0.001950178636363,0.0065560897377564,0.0008171103916139,0.0544200265697777
G[C>G]A,0.0052895609664397,0.0020401868811183,0.0023488099060476,0.0003950533717105,0.0027210013284888
G[C>G]C,0.0057495227896084,0.0026902464265726,0.0021613199135472,0.0005790782334693,0.0057921315043936
G[C>G]G,0.0032997261227318,0.000156014290909,0.0008933699642652,7.38099717271803e-05,0.0031411559453879
G[C>G]T,0.0030397477009408,0.0035603261258731,0.0015274799389008,0.0003050412110676,0.0033812442979016
G[C>T]A,0.0040896605581736,0.0060105505664318,0.0128258294869668,0.0027503715751998,0.0299110072506682
G[C>T]C,0.0044596298507223,0.008640791496501,0.0135109094595636,0.0054507363944869,0.0437160875202074
G[C>T]G,0.0004819599973202,0.0171015665034917,0.0059388797624448,0.0066809025899399,0.0254093506410359
G[C>T]T,0.0038096837962449,0.008410770426571,0.0168461293261548,0.0049806728889072,0.0203074731501192
G[T>A]A,0.0092192348035113,0.0023302134475518,0.0056239597750416,0.0007831057975932,0.0015705779726939
G[T>A]C,0.0035997012247983,0.0022902097832161,0.0019249599230016,0.0011501553859926,0.0023508651183635
G[T>A]G,0.0130989127902384,0.0014301309999996,0.005996199760152,0.0006080821518987,0.0024909166573299
G[T>A]T,0.0055195418780241,0.0045204140699288,0.004117849835286,0.0008341126886242,0.0013104822574707
G[T>C]A,0.0028997593199764,0.0060605551468514,0.0292093388316264,0.0835112823742488,0.0037013621012532
G[T>C]C,0.0011799020681283,0.0037403426153835,0.0026857598925696,0.024803350932711,0.0036513436944795
G[T>C]G,0.0023698033063255,0.0035103215454535,0.0092598096296076,0.0712096204197187,0.0026709829217151
G[T>C]T,0.0007549373402007,0.0038903563566422,0.012672949493082,0.0552074585276471,0.0039914688605406
G[T>G]A,0.0005979503701192,0.0018001648951043,0.0005504899779804,0.0013701851120086,0.001070393904957
G[T>G]C,0.0002529790027427,0.0009500870279717,0.0002942299882308,0.0012101634930879,0.001530563247275
G[T>G]G,0.0024297983267388,0.0012001099300695,0.001544349938226,0.002350317527898,0.0031311522640331
G[T>G]T,0.0002519790857358,0.0034703178811179,0.000199599992016,0.0060508174654395,0.0026809866030699
T[C>A]A,0.0397966968741594,0.0033103032237753,0.0148485794060568,0.0009381267409226,0.0298109704371209
T[C>A]C,0.0468961076230673,0.001720157566433,0.0128317794867288,0.0006300851245003,0.0519191062310931
T[C>A]G,0.0108990953750839,0.000207018962937,0.0023931699042732,0.0001230166195453,0.009793604046289
T[C>A]T,0.0412965723844921,0.0059005404895088,0.0131862594725496,0.0014001891655562,0.0228083934888039
T[C>G]A,0.0035797028846605,0.0199018230069874,0.0194511592219536,0.0013101770049133,0.0037513805080269
T[C>G]C,0.0059495061909861,0.0142013008391569,0.0040874998365,0.0007451006630995,0.0055820541959441
T[C>G]G,0.0018298481226058,0.0019301768041952,0.000298399988064,9.41127146277462e-05,0.0013504969828897
T[C>G]T,0.0033797194832828,0.0446040857342533,0.0229892790804288,0.0022102986113423,0.0040714983113785
T[C>T]A,0.0037396896057627,0.0117010718181785,0.0171045893158164,0.0032904445390572,0.0024008835251372
T[C>T]C,0.0069894198781501,0.0064705927062919,0.017369399305224,0.0025303418491838,0.012204491252781
T[C>T]G,0.0002809766789356,0.0049204507132853,0.003599649856014,0.0026303553610092,0.0026909902844246
T[C>T]T,0.0072194007897344,0.0115010534965003,0.02458274901669,0.002130287801882,0.0047117339180818
T[T>A]A,0.0088792630211692,0.0806073836363411,0.008178149672874,0.0011301526836275,0.0041215167181522
T[T>A]C,0.0043096422996891,0.014301309999996,0.0028471198861152,0.0012601702490006,0.0032712038029995
T[T>A]G,0.0095392082457156,0.0092908510419554,0.0067514597299416,0.0002780375628747,0.0019907325895929
T[T>A]T,0.0056195335787129,0.0535049010489361,0.0060441797582328,0.0013101770049133,0.0021908062166877
T[T>C]A,0.0024097999866011,0.0636058262936885,0.0345361386185545,0.0423057155021643,0.0014605374777918
T[T>C]C,0.0005029582544648,0.0268024551048876,0.004350199825992,0.0314042427131906,0.0030011044064215
T[T>C]G,0.0017398555919858,0.0205018779720222,0.0129352794825888,0.0303040940831106,0.0020307473150119
T[T>C]T,0.000635947216381,0.0461042231468403,0.0142869094285236,0.0574077557878069,0.003671351057189
T[T>G]A,0.0003769687115969,0.0419038383915967,0.0022084299116628,0.0014301932191039,0.0001230452806632
T[T>G]C,0.0001739855591985,0.0155014199300656,0.0003005799879768,0.0017202324033977,0.0026409718776509
T[T>G]G,0.0023198074559811,0.0194017772027918,0.0017428399302864,0.0028403837358427,0.0030411191318405
T[T>G]T,0.0005679528599126,0.0879080523775978,0.001794349928226,0.0094512768675048,0.0039614578164764
